rio_id,mae_test,rmse_test,best_window,best_arch,best_lr
6952-2137,0.024525532343448734,0.0371359287586073,7,"[128, 64]",0.0001
